{"cameraMode":{"drawMode":0,"name":"Shaded","section":"Shading Mode"},"sceneLighting":true,"audioPlay":false,"sceneViewState":{"showFog":true,"showMaterialUpdate":false,"showSkybox":false,"showFlares":true,"showImageEffects":true,"showParticleSystems":true},"in2DMode":false,"pivot":{"x":-0.030071258544921876,"y":0.03128623962402344,"z":0.026317596435546876},"rotation":{"x":0.34802964329719546,"y":-0.5258886218070984,"z":0.2489936202764511,"w":0.7350638508796692},"size":120.0311279296875,"orthographic":false}