{"cameraMode":{"drawMode":0,"name":"Shaded","section":"Shading Mode"},"sceneLighting":false,"audioPlay":false,"sceneViewState":{"showFog":true,"showMaterialUpdate":false,"showSkybox":false,"showFlares":true,"showImageEffects":true,"showParticleSystems":true},"in2DMode":false,"pivot":{"x":-134.4272003173828,"y":92.75459289550781,"z":2.4729766845703127},"rotation":{"x":0.04236847162246704,"y":-0.9111666083335877,"z":0.09832245856523514,"w":0.39788582921028139},"size":40.6769905090332,"orthographic":false}